CREATE DATABASE QLCB
GO

USE QLCB

CREATE TABLE MAYBAY(
	MAMB INT PRIMARY KEY NOT NULL,
	LOAI VARCHAR(50),
	TAMBAY INT,
);

CREATE TABLE CHUYENBAY(
	MACB CHAR(5) PRIMARY KEY,
	GADI VARCHAR(50) NOT NULL,
	GADEN VARCHAR(50) NOT NULL,
	DODAI INT,
	GIODI TIME(0),
	GIODEN TIME(0),
	CHIPHI INT,
	MAMB INT, 
	FOREIGN KEY (MAMB) REFERENCES MAYBAY(MAMB)
);

CREATE TABLE NHANVIEN(
	MANV CHAR(9) PRIMARY KEY,
	TEN NVARCHAR(50) NOT NULL,
	LUONG INT,
);

CREATE TABLE CHUNGNHAN(
	MANV CHAR(9),
	MAMB INT,
	PRIMARY KEY(MANV, MAMB),
	FOREIGN KEY (MANV) REFERENCES NHANVIEN(MANV),
	FOREIGN KEY (MAMB) REFERENCES MAYBAY(MAMB),
);

INSERT INTO MAYBAY(MAMB, LOAI, TAMBAY) VALUES
(747, 'BOEING 747 - 400', 13488),
(737, 'BOEING 737 - 800', 5413),
(340, 'AIRBUS A340 - 300', 11392),
(757, 'BOEING 757 - 300', 6416),
(777, 'BOEING 777 - 300', 10306),
(767, 'BOEING 767 - 400ER', 10360),
(320, 'AIRBUS A320', 4168),
(319, 'AIRBUS A319', 2888),
(727, 'BOEING 727', 2406),
(154, 'TUPOLEV 154', 6565)

INSERT INTO CHUYENBAY(MACB, GADI, GADEN, DODAI, GIODI, GIODEN, CHIPHI, MAMB) VALUES
('VN431', 'SGN', 'CAH', '3693', '05:55', '06:55', 236, 747),
('VN320', 'SGN', 'DAD', '2798', '06:00', '07:10', 221, 737),
('VN464', 'SGN', 'DLI', '2002', '07:20', '08:05', 225, 340),
('VN216', 'SGN', 'DIN', '4170', '10:30', '14:20', 262, 757),
('VN280', 'SGN', 'HPH', '11979', '06:00', '08:00', 1279, 777),
('VN254', 'SGN', 'HUI', '8765', '18:40', '20:00', 781, 767),
('VN338', 'SGN', 'BMV', '4081', '15:25', '16:25', 375, 320),
('VN440', 'SGN', 'BMV', '4081', '18:30', '19:30', 426, 319),
('VN651', 'DAD', 'SGN', '2798', '19:30', '08:00', 221, 727),
('VN276', 'DAD', 'CXR', '1283', '09:00', '12:00', 203, 154),
('VN374', 'HAN', 'VII', '510', '11:40', '13:25', 120, 747),
('VN375', 'VII', 'CXR', '752', '14:15', '16:00', 181, 737),
('VN269', 'HAN', 'CXR', '1262', '14:10', '15:50', 202, 340),
('VN315', 'HAN', 'DAD', '134', '11:45', '13:00', 112, 757),
('VN317', 'HAN', 'UIH', '827', '15:00', '16:15', 190, 777),
('VN741', 'HAN', 'PXU', '395', '06:30', '08:30', 120, 767),
('VN474', 'PXU', 'PQC', '1586', '08:40', '11:20', 102, 747),
('VN476', 'UIH', 'PQC', '485', '09:15', '11:50', 117, 777)

INSERT INTO NHANVIEN(MANV, TEN, LUONG) VALUES
('242518965', N'TRẦN VĂN SƠN', 120433),
('141582651', N'ĐOÀN THỊ MAI', 178345),
('011564812', N'TÔN VĂN QUÝ', 153972),
('567354612', N'QUAN CẨM LY', 256481),
('552455318', N'LA QUẾ', 101745),
('550156548', N'NGUYỄN THỊ CẨM', 205187),
('390487451', N'LÊ VĂN LUẬT', 212156),
('274878974', N'MAI QUỐC MINH', 99890),
('254099823', N'NGUYỄN THỊ QUỲNH', 24450),
('356187925', N'NGUYỄN VINH BẢO', 44740),
('355548984', N'TRẦN THỊ HOÀI AN', 212156),
('310454876', N'TẠ VĂN ĐỒ', 212156),
('489456522', N'NGUYỄN THỊ QUÝ LINH', 127984),
('489221823', N'BÙI QUỐC CHINH', 23980),
('548977562', N'LÊ VĂN QUÝ', 84476),
('310454877', N'TRẦN VĂN HẠO', 33546),
('142519864', N'NGUYỄN THỊ XUÂN ĐÀO', 227489),
('269734834', N'TRƯƠNG TUẤN ANH', 289950),
('287321212', N'DƯƠNG VĂN MINH', 48090),
('552455348', N'BÙI THỊ DUNG', 92013),
('248965255', N'TRẦN THỊ BA', 43723),
('159542516', N'LÊ VĂN KỲ', 48250),
('348121549', N'NGUYỄN VĂN THANH', 32899),
('574489457', N'BÙI VĂN LẬP', 20)

INSERT INTO CHUNGNHAN(MANV, MAMB) VALUES
('567354612', 747),
('567354612', 737),
('567354612', 757),
('567354612', 777),
('567354612', 767),
('567354612', 727),
('567354612', 340),
('552455318', 737),
('552455318', 319),
('552455318', 747),
('552455318', 767),
('390487451', 340),
('390487451', 320),
('390487451', 319),
('274878974', 757),
('274878974', 767),
('355548984', 154),
('310454876', 154),
('142519864', 747),
('142519864', 757),
('142519864', 777),
('142519864', 767),
('142519864', 737),
('142519864', 340),
('142519864', 320),
('269734834', 747),
('269734834', 737),
('269734834', 340),
('269734834', 757),
('269734834', 777),
('269734834', 767),
('269734834', 320),
('269734834', 319),
('269734834', 727),
('269734834', 154),
('242518965', 737),
('242518965', 757),
('141582651', 737),
('141582651', 757),
('141582651', 767),
('011564812', 737),
('011564812', 757),
('574489457', 154)

--CHON VA KET
--CAU 1
SELECT *FROM CHUYENBAY
WHERE GADEN = 'DAD'

--CAU 2
SELECT *FROM MAYBAY
WHERE TAMBAY > 10000

--CAU 3
SELECT *FROM NHANVIEN
WHERE LUONG < 10000

--CAU 4
SELECT *FROM CHUYENBAY
WHERE DODAI < 10000 AND DODAI > 8000

--CAU 5
SELECT *FROM CHUYENBAY
WHERE GADI = 'SGN' AND GADEN = 'BMV'

--CAU 6
SELECT COUNT(*) AS [SỐ CHUYẾN BAY XUẤT PHÁT TỪ SÀI GÒN]
FROM CHUYENBAY
WHERE GADI = 'SGN'


--CAU 7
SELECT COUNT(LOAI) AS [SỐ LOẠI MÁY BAY BOEING]
FROM MAYBAY
WHERE LOAI LIKE '%BOEING%'

--CAU 8
SELECT SUM(LUONG) AS [TỔNG SỐ LƯƠNG PHẢI TRẢ CHO NHÂN VIÊN]
FROM NHANVIEN

--CAU 9
SELECT C.MANV, M.LOAI
FROM CHUNGNHAN C
JOIN MAYBAY M ON C.MAMB = M.MAMB
WHERE LOAI LIKE '%BOEING%'

--CAU 10
SELECT N.MANV, N.TEN
FROM NHANVIEN N
JOIN CHUNGNHAN C ON N.MANV = C.MANV
WHERE C.MAMB = 747

--CAU 11
SELECT M.MAMB AS [MÃ MÁY BAY MÀ NV HỌ "NGUYỄN" LÁI]
FROM MAYBAY M
JOIN CHUNGNHAN C ON M.MAMB = C.MAMB
JOIN NHANVIEN N ON C.MANV = N.MANV
WHERE N.TEN LIKE N'%NGUYỄN%'

--CAU 12
SELECT N.MANV AS [MÃ NV CÓ THỂ LÁI CẢ 2 LOẠI BOEING VÀ AIRBUS]
FROM NHANVIEN N
JOIN CHUNGNHAN C ON N.MANV = C.MANV
JOIN MAYBAY M ON C.MAMB = M.MAMB
WHERE M.LOAI LIKE '%BOEING%' OR M.LOAI LIKE '%AIRBUS%'
GROUP BY N.MANV
HAVING COUNT(DISTINCT CASE WHEN M.LOAI LIKE '%BOEING%' THEN 1 END) > 0
   AND COUNT(DISTINCT CASE WHEN M.LOAI LIKE '%AIRBUS%' THEN 1 END) > 0;

--CAU 13
SELECT M.LOAI AS [LOẠI MÁY BAY THỰC HIỆN CHUYẾN VN280]
FROM MAYBAY M
JOIN CHUYENBAY C ON M.MAMB = C.MAMB
WHERE C.MACB = 'VN280'

--CAU 14
SELECT N'THÔNG TIN CHUYẾN BAY THỰC HIỆN BỞI AIRBUS 320' AS [THÔNG TIN], C.MACB, C.GADI, C.GADEN, C.DODAI, C.GIODEN, C.CHIPHI, C.MAMB, M.LOAI
FROM CHUYENBAY C
JOIN MAYBAY M ON C.MAMB = M.MAMB
WHERE C.MAMB = 320

--CAU 15
SELECT DISTINCT N.TEN AS [TÊN NHÂN VIÊN LÁI MÁY BAY BOEING]
FROM NHANVIEN N
JOIN CHUNGNHAN C ON N.MANV = C.MANV
JOIN MAYBAY M ON C.MAMB = M.MAMB
WHERE M.LOAI LIKE '%BOEING%'

--GOM NHOM
--CAU 1
SELECT GADI AS [TÊN GA], COUNT(*) AS [SỐ LƯỢNG CHUYẾN BAY ĐƯỢC XUẤT PHÁT]
FROM CHUYENBAY
GROUP BY GADI

--CAU 2
SELECT GADI AS [TÊN GA], COUNT(*) AS [SỐ LƯỢNG CHUYẾN BAY ĐƯỢC XUẤT PHÁT], SUM(CHIPHI) AS [SỐ TIỀN PHẢI TRẢ CHO PHI CÔNG]
FROM CHUYENBAY
GROUP BY GADI

--CAU 3
SELECT GADI AS [ĐỊA ĐIỂM XUẤT PHÁT], COUNT(*) AS [SỐ CHUYẾN BAY XUẤT PHÁT TRƯỚC 12:00]
FROM CHUYENBAY 
WHERE GIODI < '12:00'
GROUP BY GADI

--CAU 4
SELECT N.MANV, N.TEN
FROM NHANVIEN N
JOIN CHUNGNHAN C ON N.MANV = C.MANV
GROUP BY N.MANV, N.TEN
HAVING COUNT(DISTINCT C.MAMB) > 3

--TRUY VAN LONG
--CAU 1
SELECT N.MANV AS [MÃ NV], N.TEN AS [NV KHÔNG LÀ PHI CÔNG] 
FROM NHANVIEN N
LEFT JOIN CHUNGNHAN C ON N.MANV = C.MANV
WHERE C.MAMB IS NULL

--CAU 2
SELECT TOP 1 N.MANV, N.LUONG
FROM NHANVIEN N
LEFT JOIN CHUNGNHAN C ON N.MANV = C.MANV
WHERE C.MAMB IS NULL 
ORDER BY LUONG DESC
